-- TODO DEBERIA SER UN PIDU COMO EL DEL DIRECTORIO

-- phpMyAdmin SQL Dump
-- version 2.8.0.3
-- http://www.phpmyadmin.net
-- 
-- Servidor: localhost
-- Tiempo de generación: 18-01-2007 a las 10:04:06
-- Versión del servidor: 4.1.18
-- Versión de PHP: 4.4.2-pl1
-- 
-- Base de datos: `celsiusoriginal`
-- 

-- --------------------------------------------------------

-- 
-- Volcar la base de datos para la tabla `dependencias`
-- 

INSERT INTO `dependencias` (`Id`, `Codigo_Institucion`, `Nombre`, `Direccion`, `Telefonos`, `Figura_Portada`, `Es_LibLink`, `Hipervinculo1`, `Hipervinculo2`, `Hipervinculo3`, `Comentarios`, `esCentralizado`) VALUES 
(10001, 10001, 'Facultad de Ciencias Exactas', '', '', 0, 1, '', '', '', '', 0),
(10004, 10001, 'Facultad de Ingeniería', '', '', 0, 1, '', '', '', '', 0),
(10006, 10001, 'RECTORADO', NULL, NULL, 0, 0, NULL, NULL, NULL, NULL, 0),
(10007, 10003, 'Centennial Science and Engineering Library', '', '', 1, 1, 'http://libros.unm.edu/', '', '', 'La biblioteca Centennial recibe muchos de los pedidos realizados desde el PrEBi y desde el link que figura abajo puede accederse a la consulta de sus publicaciones. Sus catálogos se hallan en la web.', 0),
(10009, 10001, 'Facultad de Ciencias Naturales y Museo', '', '', 0, 1, '', '', '', '', 0),
(10013, 10003, 'Health Sciences Center Library', '', '', 0, 0, '', '', '', '', 0),
(10014, 10004, 'Biblioteca da Área de Engenharia e Arquitetura', '', '', 0, 1, '', '', '', '', 0),
(10015, 10005, 'Centro de Información', '', '', 0, 1, '', '', '', '', 0),
(10016, 10006, 'Instituto De Química De São Carlos', '', '', 0, 0, '', '', '', '', 0),
(10017, 10004, 'Instituto de Biologia', '', '', 0, 0, '', '', '', '', 0),
(10130, 10001, 'Facultad de Arquitectura y Urbanismo', '', '', 0, 1, '', '', '', '', 0),
(10019, 10004, 'Instituto de Física Gleb Wataghin', '', '', 0, 0, '', '', '', '', 0),
(10020, 10004, 'Instituto de Química', '', '', 0, 0, '', '', '', '', 0),
(10022, 10006, 'Escola Politécnica Biblioteca De Engenharia De Eletricidade', '', '', 0, 0, '', '', '', '', 0),
(10023, 10004, 'Instituto de Matemática, Estatística e Computação Científica', '', '', 0, 0, '', '', '', '', 0),
(10025, 10001, 'Facultad de Informática', '', '', 0, 1, '', '', '', '', 0),
(10027, 10001, 'Facultad de Ciencias Médicas', '', '', 0, 1, '', '', '', '', 0),
(10132, 10033, 'CIENCIAS FORESTALES', '', '', 0, 0, '', '', '', '', 0),
(10029, 10003, 'Delphion Intellectual Property Network', '', '', 0, 0, '', '', '', '', 0),
(10030, 10001, 'Facultad de Ciencias Agrarias y Forestales', '', '', 0, 1, '', '', '', '', 0),
(10031, 10003, 'Zimmerman Library', '', '', 0, 0, '', '', '', '', 0),
(10032, 10003, 'William J. Parish Memorial Business & Economics Library', '', '', 0, 0, '', '', '', '', 0),
(10034, 10001, 'Facultad de Odontología', '', '', 0, 1, '', '', '', '', 0),
(10036, 10006, 'Escola de Engenharia de São Carlos', '', '', 0, 0, '', '', '', '', 0),
(10039, 10003, 'Los Alamos Branch', '', '', 0, 0, '', '', '', '', 0),
(10040, 10006, 'Escola Politécnica Biblioteca Central', '', '', 0, 0, '', '', '', '', 0),
(10041, 10001, 'Facultad de Veterinaria', '', '', 0, 1, '', '', '', '', 0),
(10042, 10014, 'Centro de Ciências Físicas e Matemáticas', '', '', 0, 1, '', '', '', '', 0),
(10043, 10001, 'Facultad de Ciencias Astronómicas y Geofísicas', '', '', 0, 1, '', '', '', '', 0),
(10044, 10006, 'Escola Politécnica', '', '', 0, 0, '', '', '', '', 0),
(10046, 10015, 'Biblioteca Central', '', '', 0, 0, '', '', '', '', 0),
(10048, 10006, 'Escola Politécnica  Biblioteca De Engenharia Metalúrgica', '', '', 0, 0, '', '', '', '', 0),
(10049, 10006, 'Escola Politécnica  Biblioteca De Engenharia Química', '', '', 0, 0, '', '', '', '', 0),
(10052, 10006, 'Escola de Enfermagem de Ribeirão Preto', '', '', 0, 0, '', '', '', '', 0),
(10054, 10001, 'Instituto Argentino de Radioastronomía', '', '', 0, 0, '', '', '', '', 0),
(10057, 10004, 'Faculdade de Ciências Médicas', '', '', 0, 1, '', '', '', '', 0),
(10067, 10001, 'Facultad de Bellas Artes', '', '', 0, 1, '', '', '', '', 0),
(10704, 0, '', '', '', 0, 0, '', '', '', '', 0),
(10071, 10006, 'Escola Politécnica Biblioteca de Engenharia Mecânica, Naval e Oceânica', '', '', 0, 0, '', '', '', '', 0),
(10072, 10005, 'Centro Atómico Constituyentes', '', '', 0, 1, '', '', '', '', 0),
(10073, 10006, 'Faculdade De Medicina Veterinária E Zootecnia', '', '', 0, 0, '', '', '', '', 0),
(10074, 10014, 'Centro de Ciências Agrárias', '', '', 0, 1, '', '', '', '', 0),
(10078, 10005, 'Centro Atómico Ezeiza', '', '', 0, 1, '', '', '', '', 0),
(10079, 10005, 'Centro Atómico Bariloche', '', '', 0, 1, '', '', '', '', 0),
(10080, 10005, 'OTRA (VE)', '', '', 0, 1, '', '', '', '', 0),
(10082, 10014, 'Centro de Ciências Biológicas', '', '', 0, 1, '', '', '', '', 0),
(10084, 10014, 'Centro Tecnológico', '', '', 0, 1, '', '', '', '', 0),
(10085, 10013, 'Biblioteca Central Irmão José Otão', '', '', 0, 1, '', '', '', '', 0),
(10088, 10003, 'New Mexico Tech Skeen Library', '', '', 0, 0, '', '', '', '', 0),
(10091, 10022, 'Colegio de Ciencias y Humanidades Azcapotzalco', '', '', 0, 0, '', '', '', '', 0),
(10094, 10011, 'Biblioteca de la E.T.S. de Ingeniería Informática y Telecomunicación', '', '', 0, 0, '', '', '', '', 0),
(10095, 10011, 'Biblioteca de la Facultad de Ciencias', '', '', 0, 0, '', '', '', '', 0),
(10153, 10001, 'PrEBi', '', '', 0, 0, '', '', '', '', 0),
(10106, 10013, 'Biblioteca da Faculdade de Medicina', '', '', 0, 0, '', '', '', '', 0),
(10108, 10001, 'Facultad de Humanidades y Ciencias de la Educación', '', '', 0, 1, 'www.fahce.unlp.edu.ar', 'www.fahce.unlp.edu.ar/gmpp', '', 'Desde el primero de los hipervínculos se accede a la biblioteca, desde el segundo al Catálogo Colectivo de Publicaciones Periódicas.', 0),
(10111, 10021, 'Centro De Tecnologia', '', '', 0, 1, '', '', '', '', 0),
(10117, 10006, 'Escola Politécnica Biblioteca De Engenharia De Minas', '', '', 0, 0, '', '', '', '', 0),
(10118, 10033, 'ULA', NULL, NULL, 0, 0, NULL, NULL, NULL, NULL, 0),
(10120, 10070, 'Sistema de Bibliotecas', '', '', 0, 1, '', '', '', '', 0),
(10122, 10014, 'Centro de Ciências da Saúde', '', '', 0, 1, '', '', '', '', 0),
(10123, 10011, 'Biblioteca de la Facultad de Farmacia', '', '', 0, 0, '', '', '', '', 0),
(10124, 10004, 'Faculdade de Engenharia Mecânica', '', '', 0, 0, '', '', '', '', 0),
(10131, 10003, 'ON LINE', '', '', 0, 1, '', '', '', '', 0),
(10126, 10004, 'Faculdade de Engenharia de Alimentos', '', '', 0, 0, '', '', '', '', 0),
(10127, 10001, 'PRESIDENCIA, BACHILLERATO DE BELLAS ARTES', '', '', 0, 0, '', '', '', '', 0),
(10129, 10001, 'Facultad de Periodismo y Comunicación Social', '', '', 0, 1, '', '', '', '', 0),
(10133, 10045, 'ESTUDIOS AMBIENTALES', '', '', 0, 0, '', '', '', '', 0),
(10134, 10045, 'FISICA', '', '', 0, 0, '', '', '', '', 0),
(10137, 10006, 'Faculdade De Odontologia', '', '', 0, 0, '', '', '', '', 0),
(10702, 10013, 'Biblioteca Central Campus Viamão', '', '', 0, 0, '', '', '', '', 0),
(10143, 10011, 'Biblioteca de la Facultad de Psicología', '', '', 0, 0, '', '', '', '', 0),
(10144, 10045, 'Biblioteca Central', '', '', 0, 0, '', '', '', '', 0),
(10145, 10042, 'INSTITUTO DE QUIMICA BIOLOGICA / ELECTROQUIMICA', '', '', 0, 0, '', '', '', '', 0),
(10147, 10009, 'Biblioteca Central', '', '', 0, 0, '', '', '', '', 0),
(10148, 10027, 'Biblioteca Central', '', '', 0, 0, '', '', '', '', 0),
(10152, 10053, 'Biblioteca Central', '', '', 0, 0, '', '', '', '', 0),
(10155, 10008, 'Biblioteca Central', '', '', 0, 0, '', '', '', '', 0),
(10158, 10011, 'ONLINE', '', '', 0, 0, '', '', '', '', 0),
(10159, 10042, 'CENTRAL', '', '', 0, 0, '', '', '', '', 0),
(10160, 10058, 'Biblioteca', '', '', 0, 0, '', '', '', '', 0),
(10162, 10011, 'Biblioteca del Colegio Máximo. (Facultad de Comunicación y Documentación y Facultad de Odontología)', '', '', 0, 0, '', '', '', '', 0),
(10163, 10014, 'Biblioteca Universitária', '', '', 0, 0, '', '', '', '', 0),
(10164, 10048, 'BIBLIOTECA CENTRAL', '', '', 0, 0, '', '', '', '', 0),
(10165, 10006, 'Museu De Zoologia', '', '', 0, 0, '', '', '', '', 0),
(10167, 10006, 'Faculdade De Filosofia, Letras E Ciências Humanas', '', '', 0, 0, '', '', '', '', 0),
(10171, 10011, 'otra', '', '', 0, 0, '', '', '', '', 0),
(10172, 10023, 'Departamento de Informática', '', '', 0, 0, '', '', '', '', 0),
(10173, 10023, 'Centro Técnico Científico', '', '', 0, 0, '', '', '', '', 0),
(10174, 10023, 'Seção de Referência', '', '', 0, 0, '', '', '', '', 0),
(10175, 10011, 'Biblioteca de la Facultad de Filosofía y Letras', '', '', 0, 0, '', '', '', '', 0),
(10177, 10015, 'Biblioteca de Ingeniería', '', '', 0, 0, '', '', '', '', 0),
(10181, 10001, 'Facultad de Ciencias Económicas', '6 y 48', '', 0, 1, '', '', '', '', 0),
(10182, 10020, 'Biblioteca de Ciencias', '', '', 0, 0, '', '', '', '', 0),
(10183, 10020, 'Biblioteca de Medicina', '', '', 0, 0, '', '', '', '', 0),
(10184, 10020, 'Biblioteca de Humanidades José Mercado Ureña', '', '', 0, 0, '', '', '', '', 0),
(10187, 10020, 'Escuela Técnica Superior de Ingeniería de Telecomunicación', '', '', 0, 0, '', '', '', '', 0),
(10189, 10027, 'Biblioteca de Salud Publica', '', '', 0, 0, '', '', '', '', 0),
(10191, 10001, 'Facultad de Ciencias Jurídicas y Sociales', '', '', 0, 1, '', '', '', '', 0),
(10193, 10033, 'SALUD', '', '', 0, 0, '', '', '', '', 0),
(10194, 10006, 'Instituto de Biociências', '', '', 0, 0, '', '', '', '', 0),
(10195, 10035, 'Centro Técnico Aeroespacial', '', '', 0, 0, '', '', '', '', 0),
(10196, 10027, 'Facultad de Odontología', '', '', 0, 0, '', '', '', '', 0),
(10197, 10003, 'Fine Arts and Design Library', '', '', 0, 0, '', '', '', '', 0),
(10198, 10087, 'Biblioteca General', '', '', 0, 0, '', '', '', '', 0),
(10199, 10067, 'Serviço De Informação E Documentação', '', '', 0, 0, '', '', '', '', 0),
(10200, 10020, 'OTRA', '', '', 0, 0, '', '', '', '', 0),
(10204, 10090, 'Biblioteca', '', '', 0, 0, '', '', '', '', 0),
(10205, 10033, 'Ciencia y Tecnología', '', '', 0, 0, '', '', '', '', 0),
(10209, 10011, 'Biblioteca de Medicina y CC de la Salud', '', '', 0, 0, '', '', '', '', 0),
(10211, 10081, 'Biblioteca', '', '', 0, 0, '', '', '', '', 0),
(10216, 10103, 'TAMPA', '', '', 0, 0, '', '', '', '', 0),
(10217, 10098, 'Biblioteca De Humanidades', '', '', 0, 0, '', '', '', '', 0),
(10220, 10103, 'TAMPA periodicals', '', '', 0, 0, '', '', '', '', 0),
(10221, 10072, 'División de Bibliotecas', '', '', 0, 0, '', '', '', '', 0),
(10222, 10100, 'Biblioteca Mayor de Filosofía y Educación', '', '', 0, 0, '', '', '', '', 0),
(10223, 10098, 'CAMPUS RIO SAN PEDRO', '', '', 0, 0, '', '', '', '', 0),
(10224, 10100, 'Biblioteca Mayor de Recursos Naturales', '', '', 0, 0, '', '', '', '', 0),
(10225, 10100, 'Biblioteca de Ingenieria', '', '', 0, 0, '', '', '', '', 0),
(10226, 10102, 'BIBLIOTECA CENTRAL', '', '', 0, 0, '', '', '', '', 0),
(10231, 10020, 'Biblioteca General', '', '', 0, 0, '', '', '', '', 0),
(10232, 10027, 'Biblioteca de Zootecnia, Veterinaria, Nutrición y deportes', '', '', 0, 0, '', '', '', '', 0),
(10233, 10071, 'Biblioteca', '', '', 0, 1, '', '', '', '', 0),
(10237, 10072, 'ONLINE', '', '', 0, 0, '', '', '', '', 0),
(10239, 10098, 'ONLINE', '', '', 0, 1, '', '', '', '', 0),
(10240, 10048, 'ONLINE', '', '', 0, 1, '', '', '', '', 0),
(10243, 10078, 'Biblioteca', '', '', 0, 0, '', '', '', '', 0),
(10248, 10006, 'Escola Superior De Agricultura "Luiz De Queiroz" Campus Luiz De Queiroz', '', '', 0, 1, '', '', '', '', 0),
(10250, 10011, 'Biblioteca de la Facultad de Ciencias Políticas y Sociología y Centro de Documentación Científica', '', '', 0, 1, '', '', '', '', 0),
(10252, 10006, 'Conjunto das Químicas', '', '', 0, 1, '', '', '', '', 0),
(10253, 10052, 'Campus Cuernavaca', '', '', 0, 1, '', '', '', '', 0),
(10256, 10006, 'Faculdade De Medicina De Ribeirão Preto', '', '', 0, 1, '', '', '', '', 0),
(10258, 10006, 'Faculdade De Saúde Pública', '', '', 0, 1, '', '', '', '', 0),
(10261, 10093, 'Biblioteca', '', '', 0, 0, '', '', '', '', 0),
(10263, 10098, 'Biblioteca de Ciencias de la Salud', '', '', 0, 1, '', '', '', '', 0),
(10265, 10129, 'Biblioteca', '', '', 0, 0, '', '', '', '', 0),
(10267, 10020, 'Biblioteca de Ciencias de la Educación y Psicología', '', '', 0, 1, '', '', '', '', 0),
(10269, 10006, 'Faculdade De Zootecnia E Engenharia De Alimentos', '', '', 0, 1, '', '', '', '', 0),
(10277, 10006, 'Faculdade De Medicina', '', '', 0, 1, '', '', '', '', 0),
(10278, 10135, 'Biblioteca', '', '', 0, 0, '', '', '', '', 0),
(10280, 10047, '.', '', '', 0, 0, '', '', '', '', 0),
(10282, 10136, 'Biblioteca', '', '', 0, 0, '', '', '', '', 0),
(10286, 10006, 'Escola de Comunicaçoes e Artes', '', '', 0, 1, '', '', '', '', 0),
(10291, 10142, 'Biblioteca', '', '', 0, 0, '', '', '', '', 0),
(10299, 10003, 'Parish Business and Economics Library', '', '', 0, 1, '', '', '', '', 0),
(10300, 10146, 'Biblioteca Central', 'Campus Samambaia - Caixa Postal 411 // 74001-970 - Goiás', '062  821-1116', 0, 1, '', '', '', '', 0),
(10302, 10148, 'Badham Library', '', '', 0, 1, '', '', '', '', 0),
(10304, 10149, 'Biblioteca', '', '', 0, 1, '', '', '', '', 0),
(10306, 10151, 'Centro de Investigación', '', '', 0, 1, '', '', '', '', 0),
(10307, 10053, 'Sistema Nacional de Bibliotecas', '', '', 0, 1, '', '', '', 'Enviado el: miércoles, 07 de septiembre de 2005 14:08\r\n\r\nBuenas tardes Manrique,\r\n \r\nRespecto de sus inquietudes le informo que el Sinab -Sistema Nacional de\r\nBibliotecas- es una dependencia de la Universidad Nacional de Colombia, y\r\nque la Conmutación Bibliografica ahora comenzar a ser manejada desde esta\r\ndependencia.\r\n \r\nEl nombre de la persona responsable es Marta Elena Muñoz, el e-mail sigue\r\nsiendo bibconmuta_bog@unal.edu.co.\r\n\r\nCordialmente;\r\nIng. Juan Carlos García Sáenz\r\nConmutación Bibliografica\r\nSistema Nacional de Bibliotecas \r\nUNIVERSIDAD NACIONAL DE COLOMBIA', 0),
(10308, 10049, 'Biblioteca', '', '', 0, 1, '', '', '', '', 0),
(10311, 10006, 'Instituto De Geociências', '', '', 0, 1, '', '', '', '', 0),
(10313, 10011, 'Biblioteca de la Facultad de Traducción e Interpretación', '', '', 0, 1, '', '', '', '', 0),
(10314, 10154, 'Biblioteca Monseñor Marcos Gregorio McGrath', '', '', 0, 1, 'http://www.usma.ac.pa/biblioteca/index.html', '', '', '', 0),
(10315, 10033, 'Centro de Referencia de Cs. Sociales', '', '', 0, 1, '', '', '', '', 0),
(10318, 10008, 'Sala Virtual y de Actualidad', '', '', 0, 1, '', '', '', '', 0),
(10320, 10158, 'Unidad Académica Santa Cruz', 'Km.9 Carretera al Norte', 'Telefono Piloto (591-3)3442999  Fax interno 119', 0, 1, 'http://www.ucbscz.edu.bo/portal/', '', '', '', 0),
(10322, 10160, 'Biblioteca', 'Biblioteca', '', 0, 1, '', '', '', '', 0),
(10327, 10006, 'Instituto Oceanográfico', '', '', 0, 1, '', '', '', '', 0),
(10336, 10015, 'Hemeroteca de Ingeniería', '', '', 0, 1, '', '', '', '', 0),
(10339, 10127, 'Biblioteca Central', '', '', 0, 1, '', '', '', '', 0),
(10340, 10127, 'Escola de Veterinária', '', '', 0, 1, '', '', '', '', 0),
(10341, 10168, 'Biblioteca Central', '', '', 0, 1, '', '', '', '', 0),
(10342, 10034, 'Biblioteca Central', '', '(61) 307-2416 , (61) 340-2012', 0, 1, 'http://www.bce.unb.br', '', '', '', 0),
(10343, 10033, 'FACULTAD DE MEDICINA', '', '', 0, 0, '', '', '', '', 0),
(10349, 10022, 'Biblioteca Central', '', '', 0, 1, '', '', '', '', 0),
(10352, 10127, 'Instituto de Ciencias Biologicas', '', '', 0, 1, '', '', '', '', 0),
(10353, 10168, 'ONLINE', '', '', 0, 1, '', '', '', '', 0),
(10355, 10127, 'Facultad de Medicina', '', '', 0, 1, '', '', '', '', 0),
(10359, 10177, 'Biblioteca Pedro Grases', '', '', 0, 0, '', '', '', '', 0),
(10360, 10178, 'Centro Interactivo de Recursos de Información y Aprendizaje', 'Sta. Catarina Mártir, San Andrés Cholula, Puebla', '(01-2) 2-29-22-57', 0, 1, 'http://ciria.udlap.mx/', '', '', 'fax: (01-2) 2-29-20-78', 0),
(10361, 10098, 'Escuela Politécnica Superior Algeciras', '', '', 0, 1, '', '', '', '', 0),
(10362, 10004, 'Faculdade De Educação Física', '', '', 0, 1, '', '', '', '', 0),
(10364, 10102, 'Biblioteca de la Escuela Politécnica Superior de Alcoy', '', '', 0, 1, '', '', '', '', 0),
(10366, 10006, 'Instituto De Astronomia, Geofísica E Ciências Atmosférica', '', '', 0, 1, '', '', '', 'Instituto de Astronomia, Geofisica e Ciencias Atmosfericas', 0),
(10367, 10006, 'Instituto De Física E Química De São Carlos', '', '', 0, 1, '', '', '', 'Instituto de Fisica de Sao Carlos', 0),
(10368, 10001, 'Biblioteca Pública de la Universidad Nacional de La Plata', '', '', 0, 1, '', '', '', '', 0),
(10369, 10040, 'BINAME - CENDIM (Hospital de Clínicas)', '', '', 0, 1, '', '', '', '', 0),
(10370, 10033, 'Biblioteca de Investigación y Postgrado "José Vicente Scorza"', 'Trujillo. Edo. Trujillo', '', 0, 1, '', '', '', '', 0),
(10371, 10181, 'Biblioteca "Juan Lucio"', '', '', 0, 1, '', '', '', '', 0),
(10377, 10001, 'Facultad de Trabajo Social', '', '', 0, 1, '', '', '', '', 0),
(10379, 10185, 'Biblioteca Central', '', '', 0, 1, '', '', '', '', 0),
(10382, 10151, 'Biblioteca Virtual', '', '', 0, 1, '', '', '', '', 0),
(10383, 10188, 'Biblioteca Virtual', '', '', 0, 1, '', '', '', '', 0),
(10384, 10189, 'Instituto de Ecología', '', '', 0, 1, '', '', '', '', 0),
(10385, 10006, 'Museu de Arqueologia e Etnologia', '', '', 0, 1, '', '', '', '', 0),
(10387, 10001, 'Facultad de Humanidades', '', '', 0, 1, '', '', '', '', 0),
(10390, 10189, 'Biblioteca', '', '', 0, 1, '', '', '', '', 0),
(10392, 10027, 'Facultad de Ciencias Agrarias', '', '', 0, 1, '', '', '', '', 0),
(10393, 10194, 'BIBLIOTECA GENERAL', '', '', 0, 1, '', '', '', '', 0),
(10426, 10221, 'Biblioteket', '', '', 0, 1, '', '', '', '', 0),
(10458, 10255, 'Sede Junin', '', '', 0, 1, '', '', '', '', 0),
(10459, 10255, 'Sede Pergamino', '', '', 0, 1, '', '', '', '', 0),
(10468, 10004, 'Faculdade De Odontologia De Piracicaba', 'Av. Limeira, S/N - Caixa Postal 6109', '', 0, 1, 'http://www.fop.unicamp.br/biblioteca', '', '', '', 0),
(10474, 10263, 'The Aerospace Institute - Charles C. Lauritsen Library', '', '', 0, 1, 'http://www.aero.org/', '', '', '', 0),
(10475, 10023, 'Biblioteca Central', '', '', 0, 1, '', '', '', '', 0),
(10484, 10004, 'Instituto de Filosofia e Ciencias Humanas', '', '', 0, 1, '', '', '', '', 0),
(10490, 10003, 'Eastern New Mexico University Golden Library', '', '', 0, 1, '', '', '', '', 0),
(10506, 10263, 'Library', '', '', 0, 1, '', '', '', '', 0),
(10529, 10006, 'Instituto De Física', '', '', 0, 0, '', '', '', '', 0),
(10530, 10020, 'Biblioteca de  Derecho', '', '', 0, 1, '', '', '', '', 0),
(10546, 10006, 'Centro de Energia Nuclear na Agricultura', '', '', 0, 0, '', '', '', '', 0),
(10563, 10011, 'Biblioteca de la Facultad de Ciencias de la Educación', '', '', 0, 0, '', '', '', '', 0),
(10570, 10011, 'Biblioteca de la Facultad de Bellas Artes', '', '', 0, 0, '', '', '', '', 0),
(10603, 10004, 'Centro de Logica, Epistemologia e Historia da Ciencia', '', '', 0, 0, '', '', '', '', 0),
(10631, 10067, 'Biblioteca Central', '', '', 0, 0, '', '', '', '', 0),
(10632, 10020, 'Biblioteca de Ciencias Económicas y Empresariales', '', '', 0, 0, '', '', '', '', 0),
(10640, 10413, 'Tecnología Informática', '', '', 0, 0, '', '', '', '', 0),
(10661, 10006, 'Instituto de Psicologia', '', '', 0, 0, '', '', '', '', 0),
(10662, 10052, 'Campus Ciudad de Mexico', '', '', 0, 0, '', '', '', '', 0),
(10666, 10006, 'Faculdade de Economia, Administração e Contabilidade', '', '', 0, 0, '', '', '', '', 0),
(10667, 10011, 'Biblioteca de la Facultad de Ciencias Económicas y Empresariales', '', '', 0, 0, '', '', '', '', 0),
(10668, 10011, 'Biblioteca de la Facultad de Derecho', '', '', 0, 0, '', '', '', '', 0),
(10682, 10006, 'Instituto de Matematica e Estatistica.', '', '', 0, 0, '', '', '', '', 0),
(10687, 10004, 'Centro De Documentação Do Instituto De Economia', '', '', 0, 0, '', '', '', '', 0),
(10705, 10469, 'Facultad de Química', '', '', 0, 0, '', '', '', '', 0);

-- 
-- Volcar la base de datos para la tabla `instituciones`
-- 

INSERT INTO `instituciones` (`Codigo`, `Nombre`, `Abreviatura`, `Direccion`, `Codigo_Pais`, `Codigo_Localidad`, `Participa_Proyecto`, `Telefono`, `Sitio_Web`, `Comentarios`, `Codigo_Pedidos`, `tipo_pedido_nuevo`, `esCentralizado`, `habilitado_crear_pedidos`, `habilitado_crear_usuarios`) VALUES 
(10001, 'UNIVERSIDAD NACIONAL DE LA PLATA', 'UNLP', '', 10001, 1, 1, '', 'http://www.unlp.edu.ar', 'El sitio web de la Universidad Nacional de La Plata permite acceder a la información de distintas facultades, dependencias, laboratorios y museos de la institución a través del portal Roble: <a href="http://www.roble.unlp.edu.ar" target="_top">http://www.roble.unlp.edu.ar</a>', 0, 1, 0, 1, 1),
(10003, 'University of New Mexico', 'UNM', '', 10002, 4, 1, '', 'http://www.unm.edu', 'La Universidad de Nuevo México situada en el estado del mismo nombre, participa del proyecto ISTEC y pone a disposición sus catálogos de libros y publicaciones periódicas de la web.', 0, 2, 0, 1, 1),
(10004, 'Universidade Estadual de Campinas', 'UNIC', '', 10003, 12, 1, '', '', '', 0, 2, 0, 1, 1),
(10005, 'Comision Nacional de Energía Atómica', 'CNEA', 'http:www.cnea.gov.ar', 10001, 1, 1, '', '', '', 0, 2, 0, 1, 1),
(10006, 'Universidade de São Paulo', 'USP', '', 10003, 30, 1, '', '', '', 0, 2, 0, 1, 1),
(10008, 'Universidad de los Andes', 'UNIA', '', 10004, 10, 0, '', '', '', 0, 2, 0, 1, 1),
(10009, 'Pontificia Universidad Javeriana Bogotá', 'JAVE', '', 10004, 10, 1, '', '', '', 0, 2, 0, 1, 1),
(10011, 'Universidad de Granada', 'UGR', 'http://www.ugr.es/', 10005, 73, 1, '', '', '', 0, 2, 0, 1, 1),
(10013, 'Pontifícia Universidade Católica do Rio Grande do Sul', 'UCRS', '', 10003, 12, 1, '', '', '', 0, 2, 0, 1, 1),
(10014, 'Universidade Federal de Santa Catarina', 'UFSC', '', 10003, 12, 1, '', '', '', 0, 2, 0, 1, 1),
(10015, 'Pontificia Universidad Católica del Perú', 'PUCP', '', 10007, 66, 1, '', '', '', 0, 2, 0, 1, 1),
(10020, 'Universidad de Málaga', 'UMA', '', 10005, 8, 1, '', '', '', 0, 2, 0, 1, 1),
(10021, 'Universidade Federal do Rio de Janeiro', 'UFRJ', '', 10003, 12, 1, '', '', '', 0, 2, 0, 1, 1),
(10022, 'Universidad Nacional Autónoma de México', 'UNAM', '', 10010, 99, 1, '', '', '', 0, 2, 0, 1, 1),
(10023, 'Pontifícia Universidade Católica do Rio de Janeiro', 'UCRJ', '', 10003, 28, 1, '', '', '', 0, 2, 0, 1, 1),
(10027, 'Universidad de Antioquia', 'ANTI', '', 10004, 10, 1, '', '', '', 0, 2, 0, 1, 1),
(10033, 'Universidad de Los Andes', 'ULA', '', 10008, 29, 1, '', '', '', 0, 2, 0, 1, 1),
(10034, 'Universidade de Brasília', 'UNB', 'Campus Universitario Darcy Ribeiro, Asa Norte, Brasilia - DF, CEP: 70910900', 10003, 64, 1, '(61) 307-2416 , (61) 340-2012 // (61) 273-7237', 'http://www.bce.unb.br', '', 0, 2, 0, 1, 1),
(10035, 'Instituto Tecnologico de Aeronautica', 'ITA', '', 10003, 12, 1, '', '', '', 0, 2, 0, 1, 1),
(10045, 'Universidad Simón Bolívar', 'USB', '', 10008, 29, 1, '', 'http://159.90.80.10:8991/', '', 0, 2, 0, 1, 1),
(10048, 'Universidad de Vigo', 'UVIG', '', 10005, 8, 1, '', '', '', 0, 2, 0, 1, 1),
(10051, 'Campus de Morelos', 'More', '', 10010, 19, 1, '', '', '', 0, 2, 0, 1, 1),
(10052, 'Instituto Tecnologico y de Estudios Superiores de Monterrey', 'ITES', '', 10010, 19, 1, '', '', '', 0, 2, 0, 1, 1),
(10053, 'Universidad Nacional de Colombia', 'UNAL', '', 10004, 10, 1, '', '', '', 0, 2, 0, 1, 1),
(10058, 'CENTRO DE INVESTIGACIONES BIOLÓGICAS DEL NOROESTE', 'CIBN', 'Mar Bermejo No. 195, Col. Playa Palo de Santa Rita, AP 128 La Paz, Baja California Sur, 23090', 10010, 19, 1, '+ 52 612 (12) 3 84 84 ext 3192', 'http://www.cibnor.mx', '', 0, 2, 0, 1, 1),
(10067, 'Instituto Nacional de Pesquisas Espaciais', 'INPE', '', 10003, 12, 1, '', '', '', 0, 2, 0, 1, 1),
(10068, 'Universidad de Carabobo', 'UC', '', 10008, 15, 0, '', 'http://www.uc.edu.ve/', '', 0, 2, 0, 1, 1),
(10069, 'Universidad de La Sabana', 'UNIS', '', 10004, 10, 1, '', '', '', 0, 2, 0, 1, 1),
(10070, 'Universidad de Costa Rica', 'UCR', '', 10015, 58, 1, '', '', '', 0, 2, 0, 1, 1),
(10071, 'Universidad Jorge Tadeo Lozano', 'UTAD', '', 10004, 10, 1, '', '', '', 0, 2, 0, 1, 1),
(10072, 'Universidad de Cauca', 'UCAU', '', 10004, 10, 1, '', '', '', 0, 2, 0, 1, 1),
(10074, 'Universidad de Monterrey', 'UDEM', '', 10010, 99, 1, '', '', '', 0, 2, 0, 1, 1),
(10077, 'Universidad Anáhuac', 'ANA', '', 10010, 31, 1, '', '', '', 0, 2, 0, 1, 1),
(10078, 'Pontificia Universidad Javeriana Cali', 'PUJ', '', 10004, 36, 1, '', '', '', 0, 2, 0, 1, 1),
(10079, 'Universidad Autónoma de Bucaramanga', 'UNAB', '', 10004, 37, 1, '', '', '', 0, 2, 0, 1, 1),
(10080, 'Escuela Colombiana de Ingeniería', 'ECI', '', 10004, 37, 1, '', '', '', 0, 2, 0, 1, 1),
(10081, 'Universidad Autónoma de Occidente', 'UAO', '', 10004, 37, 1, '', '', '', 0, 2, 0, 1, 1),
(10087, 'Universidad del Norte', 'UNIN', '', 10004, 37, 1, '', '', '', 0, 2, 0, 1, 1),
(10090, 'Universidad EAFIT', 'EAFI', 'Carrera 49 - 7 Sur 50', 10004, 37, 0, '(57) (4) - 2619500', 'http://www.eafit.edu.co', '', 0, 2, 0, 1, 1),
(10095, 'Universidad Tecnológica Equinoccial', 'UTE', '', 10019, 60, 1, '', '', '', 0, 2, 0, 1, 1),
(10098, 'Universidad de Cádiz', 'UCA', '', 10005, 47, 1, '', '', '', 0, 2, 0, 1, 1),
(10099, 'Universidad Apec', 'APEC', '', 10021, 62, 1, '', '', '', 0, 2, 0, 1, 1),
(10100, 'Pontificia Universidad Católica de Valparaíso', 'UCV', '', 10020, 57, 1, '', '', '', 0, 2, 0, 1, 1),
(10102, 'Universidad Politécnica de Valencia', 'UPV', '', 10005, 50, 1, '', '', '', 0, 2, 0, 1, 1),
(10103, 'University of South Florida', 'USF', '', 10002, 51, 1, '', '', '', 0, 2, 0, 1, 1),
(10127, 'Universidade Federal de Minas Gerais', 'UFMG', '', 10003, 64, 1, '', '', '', 0, 2, 0, 1, 1),
(10129, 'Universidad Técnica Particular de Loja.', 'UTPL', '', 10019, 67, 1, '(593-7) 2570-275', 'http://www.utpl.edu.ec/', '', 0, 2, 0, 0, 1),
(10135, 'Universidad del Rosario', 'UR', '', 10004, 10, 0, '', '', '', 0, 1, 0, 1, 1),
(10142, 'Universidad del Valle', 'UDV', '', 10004, 36, 0, '', '', '', 1, 0, 0, 1, 1),
(10146, 'Universidade Federal de Goiás', 'UFGO', '', 10003, 75, 1, '', '', '', 0, 2, 0, 1, 1),
(10149, 'Instituto Nacional de Astrofísica, Optica y Electrónica', 'INAO', 'Luis Enrique Erro N0. 1. Tonantzintla, Puebla Mex.', 10010, 77, 1, '01-2222-66-31-00 Ext:7053', '', '', 0, 2, 0, 1, 1),
(10151, 'Escuela Militar de Ingeniería', 'EMI', 'Zona Alto Irpavi', 10027, 79, 1, '2799369 ? 2793155 - 2793144', 'http://www.emi.edu.bo/', '', 0, 1, 0, 1, 1),
(10158, 'UNIVERSIDAD CATOLICA BOLIVIANA SAN PABLO', 'UCB', '', 10027, 86, 1, '', '', '', 0, 2, 0, 1, 1),
(10160, 'Universidade Do Vale Do Paraiba', 'UNIV', '', 10003, 20, 1, '', '', '', 0, 2, 0, 1, 1),
(10168, 'Universidad de Talca', 'UTAL', '', 10020, 95, 1, '', '', '', 0, 1, 0, 1, 1),
(10177, 'Universidad Metropolitana', 'UNIM', '', 10008, 29, 0, '', '', '', 0, 2, 0, 1, 1),
(10178, 'Universidad de las Américas', 'UDLA', '', 10010, 77, 1, '', 'http://info.pue.udlap.mx/', '', 0, 2, 0, 1, 1),
(10181, 'UNIVERSIDAD FRAY LUCA PACCIOLI', 'UFLP', 'ZARCO # 8 COL. CENTRO', 10010, 106, 1, '7773121055', '', '', 0, 2, 0, 1, 1),
(10185, 'Escuela Politécnica Nacional', 'EPN', '', 10019, 60, 1, '', '', '', 0, 2, 0, 1, 1),
(10188, 'Fundación Tarija Digital', 'FTD', '', 10027, 114, 1, '', '', '', 0, 2, 0, 1, 1),
(10189, 'Universidad Mayor de San Andrés', 'UMSA', '', 10027, 79, 1, '', '', '', 0, 2, 0, 1, 1),
(10194, 'Universidad Centroamericana', 'UCA', '', 10033, 116, 1, '', 'http://www.uca.edu.ni/', '', 0, 2, 0, 1, 1),
(10255, 'Universidad Nacional del Noroeste de la Provincia de Buenos Aires', 'UNNO', '', 10001, 59, 0, '', '', '', 0, 2, 0, 1, 1),
(10413, 'Universidad Privada Boliviana', 'UPD', '-', 10027, 0, 1, '-', 'www.upb.edu', '', 0, 2, 0, 1, 1),
(10469, 'Universidad de la República', 'UDEL', 'Av. 18 de Julio 1968', 10014, 18, 1, '(598 2) 4009201', 'http://www.universidad.edu.uy/index.php', '', 0, 2, 0, 1, 1);

-- 
-- Volcar la base de datos para la tabla `paises`
-- 

INSERT INTO `paises` (`Id`, `Nombre`, `Abreviatura`, `permite_revista`, `permite_libro`, `permite_tesis`, `permite_patente`, `permite_congreso`, `esCentralizado`) VALUES 
(10001, 'ARGENTINA', 'ARG', 0, 0, 0, 0, 0, 0),
(10002, 'USA', 'USA', 0, 0, 0, 1, 0, 0),
(10003, 'BRASIL', 'BR', 0, 0, 0, 0, 0, 0),
(10004, 'COLOMBIA', 'COL', 0, 0, 0, 0, 0, 0),
(10005, 'ESPAÑA', 'ESP', 0, 0, 0, 0, 0, 0),
(10007, 'PERU', 'PER', 0, 0, 0, 0, 0, 0),
(10008, 'VENEZUELA', 'VE', 0, 0, 0, 0, 0, 0),
(10010, 'MEXICO', 'MEX', 0, 0, 0, 0, 0, 0),
(10015, 'COSTA RICA', 'CR', 0, 0, 0, 0, 0, 0),
(10014, 'URUGUAY', 'UY', 0, 0, 0, 0, 0, 0),
(10034, 'FRANCIA', 'FR', 0, 0, 0, 0, 0, 0),
(10018, 'NORUEGA', 'NOR', 0, 0, 0, 0, 0, 0),
(10019, 'ECUADOR', 'ECU', 0, 0, 0, 0, 0, 0),
(10020, 'CHILE', 'CHI', 0, 0, 0, 0, 0, 0),
(10021, 'REPUBLICA DOMINICANA', 'DOM', 0, 0, 0, 0, 0, 0),
(10027, 'BOLIVIA', 'BOL', 0, 0, 0, 0, 0, 0),
(10033, 'NICARAGUA', 'NIC', 0, 0, 0, 0, 0, 0);


